{
  "IcoMoonType": "selection",
  "icons": [
    {
      "icon": {
        "paths": [
          "M953.783 0h-883.566c-38.034 0-70.217 32.183-70.217 70.217v883.566c0 38.034 32.183 70.217 70.217 70.217h424.229v-354.011h-140.434v-175.543h140.434v-105.326c0-111.177 84.846-201.874 193.097-210.651h175.543v175.543h-157.989c-20.48 0-35.109 14.629-35.109 35.109v105.326h175.543v175.543h-175.543v354.011h283.794c38.034 0 70.217-32.183 70.217-70.217v-883.566c0-38.034-32.183-70.217-70.217-70.217z"
        ],
        "attrs": [
          {
            "fill": "rgb(77, 111, 169)"
          }
        ],
        "isMulticolor": false,
        "isMulticolor2": false,
        "grid": 0,
        "tags": [
          "facebook"
        ],
        "colorPermutations": {
          "10118724212461594312552552551771111691": [
            {
              "f": 0
            }
          ]
        }
      },
      "attrs": [
        {
          "fill": "rgb(77, 111, 169)"
        }
      ],
      "properties": {
        "order": 16,
        "id": 3,
        "name": "facebook",
        "prevSize": 32,
        "code": 59650
      },
      "setIdx": 0,
      "setId": 0,
      "iconIdx": 0
    },
    {
      "icon": {
        "paths": [
          "M736.758 5.012c-122.271 2.613-217.945 125.051-217.945 267.722v34.594c-217.482-45.887-326.224-114.707-444.219-259.128-70.575 159.256 6.552 294.218 92.546 367.098-57.545 0-104.762-9.631-141.873-47.377-2.795-2.85-7.2 0.086-6.201 4.254 32.28 133.17 138.615 230.062 222.11 259.063-75.369 0-126.473 13.108-179.261-26.496-3.054-2.289-6.978 1.166-5.756 5.161 39.961 130.968 121.531 172.493 240.545 172.493-59.174 50.789-137.912 104.148-288.576 107.819-6.108 0.151-9.069 9.048-4.294 13.518 56.879 53.51 193.235 94.603 385.416 94.603 317.154 0 573.783-328.38 573.783-734.196v-21.594c49.345-21.529 78.294-73.052 92.398-124.792 0.796-2.872-1.666-5.55-4.109-4.578l-104.169 41.936c-2.369 0.95-3.998-2.57-2.073-4.405 43.608-41.892 78.201-93.437 91.861-142.607 0.537-1.9-1.222-3.628-2.795-2.85-49.993 24.466-97.617 47.464-135.246 61.089-6.275 2.289-12.919 1.339-18.657-2.419-24.691-16.131-96.192-59.923-143.483-58.908z"
        ],
        "attrs": [
          {
            "fill": "rgb(101, 187, 242)"
          }
        ],
        "width": 1054,
        "isMulticolor": false,
        "isMulticolor2": false,
        "grid": 0,
        "tags": [
          "twitter"
        ],
        "colorPermutations": {
          "1246159431": [
            {
              "f": 0
            }
          ],
          "10118724212461594312552552551771111691": [
            {
              "f": 2
            }
          ]
        }
      },
      "attrs": [
        {
          "fill": "rgb(101, 187, 242)"
        }
      ],
      "properties": {
        "order": 13,
        "id": 2,
        "name": "twitter",
        "prevSize": 32,
        "code": 59652
      },
      "setIdx": 0,
      "setId": 0,
      "iconIdx": 1
    },
    {
      "icon": {
        "paths": [
          "M0 71.869l440.131 440.131-440.131 440.131z"
        ],
        "attrs": [
          {
            "fill": "rgb(246, 159, 43)"
          }
        ],
        "width": 512,
        "isMulticolor": false,
        "isMulticolor2": false,
        "grid": 0,
        "tags": [
          "arrow-right"
        ],
        "colorPermutations": {
          "1246159431": [
            {
              "f": 1
            }
          ],
          "10118724212461594312552552551771111691": [
            {
              "f": 1
            }
          ]
        }
      },
      "attrs": [
        {
          "fill": "rgb(246, 159, 43)"
        }
      ],
      "properties": {
        "order": 12,
        "id": 1,
        "name": "arrow-right",
        "prevSize": 32,
        "code": 59649
      },
      "setIdx": 0,
      "setId": 0,
      "iconIdx": 2
    },
    {
      "icon": {
        "paths": [
          "M512 1024c-282.77 0-512-229.23-512-512s229.23-512 512-512c282.77 0 512 229.23 512 512s-229.23 512-512 512zM721.649 459.859h-395.58l197.79 197.79 197.79-197.79z"
        ],
        "attrs": [
          {
            "fill": "rgb(246, 159, 43)"
          }
        ],
        "isMulticolor": false,
        "isMulticolor2": false,
        "grid": 0,
        "tags": [
          "arrow-down"
        ],
        "colorPermutations": {
          "1246159431": [
            {
              "f": 1
            }
          ],
          "10118724212461594312552552551771111691": [
            {
              "f": 1
            }
          ]
        }
      },
      "attrs": [
        {
          "fill": "rgb(246, 159, 43)"
        }
      ],
      "properties": {
        "order": 5,
        "id": 0,
        "name": "arrow-down",
        "prevSize": 32,
        "code": 59648
      },
      "setIdx": 0,
      "setId": 0,
      "iconIdx": 3
    }
  ],
  "height": 1024,
  "metadata": {
    "name": "bslf-ico"
  },
  "preferences": {
    "showGlyphs": true,
    "showCodes": false,
    "showQuickUse": true,
    "showQuickUse2": true,
    "showSVGs": true,
    "fontPref": {
      "prefix": "icon-",
      "metadata": {
        "fontFamily": "bslf-ico",
        "majorVersion": 1,
        "minorVersion": 0
      },
      "metrics": {
        "emSize": 1024,
        "baseline": 6.25,
        "whitespace": 50
      },
      "embed": false,
      "noie8": true,
      "ie7": false,
      "showSelector": true,
      "selector": "i",
      "showMetrics": true,
      "showMetadata": true,
      "showVersion": true,
      "postfix": "",
      "cssVars": true,
      "cssVarsFormat": "scss"
    },
    "imagePref": {
      "prefix": "icon-",
      "png": true,
      "useClassSelector": true,
      "color": 0,
      "bgColor": 16777215,
      "classSelector": ".icon"
    },
    "historySize": 100,
    "gridSize": 16,
    "showLiga": false
  }
}